customer_id,customer_name,city,signup_date
1,Aditya Taylor,Mumbai,2022-06-07
2,Vivaan Johnson,Dubai,2023-08-26
3,Noah Smith,Chennai,2021-07-12
4,Emma Sharma,London,2023-06-06
5,Liam Sharma,Dubai,2022-06-30
6,Sophia Gupta,Mumbai,2022-10-13
7,Aarav Sharma,Delhi,2024-08-23
8,Olivia Sharma,London,2024-11-06
9,Arjun Smith,Delhi,2023-12-17
10,Arjun Johnson,Dubai,2024-02-07
11,Arjun Patel,Chennai,2024-10-18
12,Arjun Johnson,Kolkata,2021-02-14
13,John Brown,Mumbai,2022-01-16
14,Noah Khan,Mumbai,2022-11-13
15,Amelia Brown,London,2023-11-06
16,Mia Anderson,Chennai,2022-09-14
17,Reyansh Taylor,Dubai,2023-11-01
18,John Taylor,Delhi,2023-09-11
19,Arjun Smith,London,2024-09-23
20,Aditya Patel,Sydney,2024-12-10
21,Isabella Anderson,New York,2021-06-27
22,Emma Anderson,Sydney,2021-08-10
23,Isabella Singh,Sydney,2023-03-17
24,Muhammad Johnson,Delhi,2023-08-20
25,Aarav Khan,London,2024-08-18
26,Aditya Singh,Sydney,2022-04-10
27,Aarav Gupta,Sydney,2024-01-28
28,Arjun Smith,Sydney,2022-12-06
29,Mia Taylor,New York,2023-07-30
30,Amelia Khan,Sydney,2024-06-01
31,Sophia Sharma,London,2023-11-16
32,Isabella Singh,Sydney,2024-02-24
33,Arjun Smith,Delhi,2023-09-13
34,Mia Patel,Sydney,2022-02-14
35,Olivia Smith,Dubai,2023-01-01
36,John Patel,Delhi,2024-01-08
37,Olivia Taylor,New York,2023-07-28
38,Liam Sharma,Chennai,2024-07-25
39,Aditya Brown,Bangalore,2021-07-07
40,Isabella Brown,Kolkata,2021-03-08
41,Mia Anderson,Mumbai,2021-06-20
42,Mia Sharma,Dubai,2021-01-30
43,Isabella Khan,Chennai,2022-07-05
44,Vivaan Taylor,Bangalore,2022-12-07
45,Reyansh Verma,Bangalore,2021-11-23
46,Reyansh Brown,Bangalore,2024-09-06
47,Reyansh Anderson,Kolkata,2023-07-21
48,Sophia Patel,Dubai,2023-08-29
49,Vivaan Sharma,Kolkata,2023-03-03
50,Muhammad Smith,Chennai,2022-06-14
51,Vivaan Khan,Sydney,2022-03-05
52,Liam Smith,Delhi,2022-04-07
53,Aarav Smith,Bangalore,2021-03-14
54,Sophia Singh,Dubai,2024-12-14
55,Olivia Anderson,London,2024-01-21
56,Mia Gupta,Sydney,2023-07-13
57,Arjun Brown,Delhi,2023-03-20
58,Noah Taylor,New York,2024-09-13
59,Noah Smith,Delhi,2022-09-04
60,Aditya Gupta,Delhi,2022-09-20
61,Vivaan Verma,Kolkata,2022-09-03
62,Sophia Singh,London,2024-03-02
63,Reyansh Singh,Delhi,2024-02-23
64,Amelia Sharma,Chennai,2024-03-13
65,Emma Singh,Sydney,2021-03-18
66,John Gupta,New York,2021-07-22
67,Arjun Taylor,London,2024-04-26
68,Arjun Johnson,Mumbai,2024-09-25
69,John Khan,Sydney,2023-10-21
70,Aarav Patel,London,2022-07-31
71,Aarav Singh,Chennai,2022-11-03
72,Isabella Taylor,Bangalore,2022-11-26
73,John Gupta,Kolkata,2024-10-13
74,Vivaan Smith,Sydney,2022-12-06
75,Amelia Anderson,Sydney,2023-09-20
76,Isabella Brown,Chennai,2021-05-14
77,Sophia Sharma,Mumbai,2021-09-30
78,Aditya Singh,Sydney,2022-03-13
79,Reyansh Patel,Sydney,2022-06-07
80,Muhammad Patel,New York,2021-08-22
81,Reyansh Gupta,Dubai,2021-10-05
82,Liam Brown,Mumbai,2022-10-19
83,Aarav Smith,Mumbai,2023-02-18
84,Mia Singh,Bangalore,2022-11-30
85,Vivaan Taylor,London,2021-06-06
86,Liam Brown,Chennai,2024-03-05
87,Vivaan Khan,New York,2022-08-29
88,Liam Brown,Mumbai,2023-07-27
89,Amelia Khan,Mumbai,2021-04-04
90,Mia Khan,Delhi,2024-06-10
91,Noah Sharma,Mumbai,2023-04-27
92,Vivaan Sharma,Chennai,2022-05-06
93,Isabella Taylor,London,2021-11-28
94,Vivaan Johnson,Bangalore,2024-10-26
95,Arjun Singh,Mumbai,2023-06-11
96,Amelia Smith,Sydney,2022-08-26
97,Olivia Khan,Dubai,2022-10-07
98,Vivaan Gupta,New York,2021-03-23
99,Aarav Sharma,Kolkata,2025-01-27
100,Liam Patel,Dubai,2023-03-13
101,Muhammad Smith,Mumbai,2021-05-12
102,Amelia Patel,Dubai,2021-08-17
103,Reyansh Gupta,Sydney,2024-11-10
104,Emma Anderson,New York,2022-06-15
105,Aditya Brown,Chennai,2022-09-22
106,Arjun Gupta,New York,2021-06-16
107,Mia Khan,Mumbai,2023-07-07
108,Vivaan Anderson,New York,2022-04-11
109,John Khan,Delhi,2022-11-02
110,Aditya Patel,Kolkata,2022-05-19
111,Muhammad Verma,Sydney,2024-06-06
112,Liam Taylor,Mumbai,2022-05-17
113,Arjun Sharma,Chennai,2023-04-03
114,Vivaan Khan,Sydney,2021-05-26
115,Sophia Verma,Delhi,2024-07-25
116,Aarav Khan,New York,2023-10-08
117,Emma Singh,Mumbai,2023-10-24
118,Isabella Patel,Mumbai,2023-11-09
119,Noah Singh,Bangalore,2021-11-03
120,Aditya Patel,Kolkata,2021-08-07
121,Sophia Brown,Kolkata,2021-09-16
122,Amelia Gupta,Bangalore,2024-01-23
123,Amelia Sharma,New York,2024-06-30
124,Isabella Anderson,Sydney,2024-11-13
125,Arjun Singh,Kolkata,2023-06-06
126,Olivia Singh,Delhi,2025-01-03
127,Mia Anderson,Chennai,2022-06-02
128,Isabella Verma,Dubai,2023-05-31
129,Olivia Khan,Sydney,2023-06-19
130,Mia Brown,Dubai,2021-01-23
131,John Patel,Bangalore,2022-06-13
132,Emma Sharma,London,2024-03-14
133,Aarav Sharma,New York,2024-04-02
134,Aditya Taylor,Bangalore,2021-10-11
135,Reyansh Khan,London,2024-03-01
136,John Singh,Mumbai,2022-04-24
137,Emma Sharma,Bangalore,2023-12-19
138,Muhammad Brown,Dubai,2024-11-06
139,Noah Gupta,Chennai,2022-10-03
140,Emma Anderson,Dubai,2022-04-06
141,Sophia Smith,New York,2024-02-22
142,Liam Anderson,Kolkata,2024-08-16
143,Arjun Sharma,Mumbai,2023-11-14
144,Noah Patel,Bangalore,2023-11-14
145,Isabella Gupta,Kolkata,2022-09-04
146,Sophia Khan,Sydney,2023-02-01
147,Aditya Johnson,Mumbai,2021-09-10
148,Amelia Taylor,Sydney,2024-03-15
149,John Singh,Bangalore,2022-05-29
150,John Gupta,Delhi,2023-10-11
151,Noah Smith,New York,2023-02-26
152,Olivia Singh,Sydney,2025-02-03
153,Aarav Brown,Mumbai,2022-06-07
154,Noah Verma,Kolkata,2021-06-21
155,Aditya Taylor,Mumbai,2023-07-01
156,Mia Gupta,London,2023-06-06
157,John Singh,New York,2023-06-17
158,Aditya Taylor,Dubai,2022-03-11
159,Vivaan Smith,Sydney,2023-04-17
160,Amelia Verma,Kolkata,2022-07-23
161,Arjun Smith,Sydney,2021-01-09
162,Arjun Brown,Dubai,2024-03-31
163,Aarav Sharma,Chennai,2022-06-18
164,Arjun Singh,Kolkata,2021-10-31
165,Olivia Gupta,Kolkata,2022-09-30
166,Liam Khan,Dubai,2021-12-11
167,Olivia Patel,Dubai,2023-05-11
168,Mia Verma,Chennai,2024-03-14
169,Amelia Smith,Chennai,2022-08-05
170,Isabella Verma,Delhi,2021-08-30
171,Liam Sharma,Sydney,2022-08-31
172,Noah Anderson,Bangalore,2021-06-03
173,Olivia Patel,Kolkata,2023-06-15
174,Olivia Anderson,New York,2023-12-19
175,Muhammad Sharma,Mumbai,2023-06-25
176,Sophia Johnson,New York,2022-09-17
177,Olivia Smith,New York,2025-02-06
178,Noah Taylor,Dubai,2021-08-20
179,Noah Smith,London,2022-02-22
180,Olivia Sharma,Kolkata,2024-07-25
181,Liam Brown,Chennai,2023-08-04
182,Liam Brown,London,2024-12-29
183,Reyansh Singh,Dubai,2024-06-23
184,Noah Brown,Chennai,2023-01-07
185,Olivia Sharma,London,2024-04-01
186,John Smith,New York,2024-06-27
187,Liam Verma,Dubai,2022-05-23
188,Noah Anderson,Kolkata,2024-07-13
189,Aarav Smith,Bangalore,2024-07-21
190,Isabella Smith,Kolkata,2021-12-31
191,Isabella Verma,Delhi,2022-12-17
192,Amelia Khan,London,2024-11-03
193,Olivia Khan,Bangalore,2023-08-05
194,Mia Khan,Dubai,2021-12-14
195,Emma Brown,Delhi,2022-07-09
196,Olivia Verma,London,2021-05-23
197,Muhammad Verma,Dubai,2021-02-10
198,Aditya Brown,Bangalore,2024-11-15
199,Vivaan Smith,Kolkata,2024-05-24
200,Reyansh Gupta,Sydney,2022-03-02
201,Arjun Patel,Kolkata,2021-05-21
202,Vivaan Brown,New York,2023-08-17
203,Olivia Brown,Delhi,2021-12-12
204,Reyansh Anderson,Sydney,2022-07-07
205,Muhammad Taylor,Chennai,2023-03-15
206,Olivia Smith,Bangalore,2023-09-18
207,Isabella Khan,New York,2025-01-06
208,Arjun Khan,Chennai,2024-09-15
209,Aarav Taylor,London,2022-10-11
210,Amelia Smith,Chennai,2022-07-06
211,Arjun Verma,Bangalore,2024-04-01
212,Emma Taylor,Bangalore,2024-05-26
213,Reyansh Johnson,Sydney,2021-11-29
214,Aditya Singh,Dubai,2023-01-10
215,Reyansh Smith,Chennai,2021-08-26
216,Sophia Gupta,Kolkata,2021-05-20
217,Vivaan Gupta,London,2022-10-21
218,Emma Verma,Bangalore,2021-04-03
219,Aarav Taylor,Delhi,2022-03-20
220,Noah Sharma,Dubai,2024-12-12
221,Olivia Taylor,Dubai,2022-12-03
222,Noah Khan,Mumbai,2024-06-09
223,Sophia Singh,Mumbai,2022-03-31
224,John Gupta,Dubai,2023-07-11
225,John Singh,Chennai,2022-04-28
226,Mia Khan,Dubai,2024-01-26
227,Liam Smith,Chennai,2023-07-15
228,Sophia Khan,New York,2023-10-14
229,Liam Verma,Chennai,2021-06-11
230,Aarav Sharma,Delhi,2023-09-11
231,Muhammad Smith,Kolkata,2022-02-06
232,John Singh,Bangalore,2021-03-04
233,Aarav Smith,Bangalore,2024-09-23
234,Olivia Sharma,London,2022-06-05
235,Aditya Verma,Dubai,2024-08-28
236,Mia Khan,Delhi,2021-03-14
237,Olivia Sharma,Sydney,2021-09-22
238,Aarav Khan,Mumbai,2023-06-05
239,Vivaan Gupta,Delhi,2023-10-21
240,Noah Singh,Kolkata,2024-11-07
241,Mia Gupta,Dubai,2023-03-10
242,Muhammad Anderson,Kolkata,2022-06-17
243,Noah Anderson,Chennai,2022-05-18
244,Aarav Taylor,Bangalore,2022-12-18
245,John Taylor,Sydney,2024-07-31
246,Olivia Sharma,New York,2024-01-26
247,John Brown,Chennai,2024-12-28
248,Amelia Brown,London,2024-09-18
249,Vivaan Khan,Mumbai,2022-05-31
250,Aditya Verma,Bangalore,2021-05-01
251,Amelia Gupta,London,2021-04-02
252,Aarav Anderson,Mumbai,2023-11-17
253,Emma Brown,New York,2021-07-23
254,Muhammad Sharma,Bangalore,2023-12-25
255,Aarav Johnson,Bangalore,2023-03-21
256,Isabella Johnson,Delhi,2023-12-11
257,Reyansh Verma,Kolkata,2022-10-29
258,Vivaan Khan,Delhi,2023-02-26
259,Aarav Khan,New York,2021-09-24
260,Reyansh Smith,Mumbai,2024-10-20
261,Reyansh Verma,London,2022-05-18
262,Olivia Brown,Chennai,2022-11-08
263,Amelia Patel,Sydney,2023-03-12
264,Amelia Taylor,Dubai,2021-08-03
265,Aditya Anderson,Dubai,2023-12-09
266,Olivia Taylor,Sydney,2024-01-02
267,Aarav Khan,Bangalore,2022-02-14
268,Muhammad Smith,Sydney,2022-10-27
269,Vivaan Smith,New York,2021-09-16
270,Liam Verma,Delhi,2022-09-08
271,Mia Anderson,Sydney,2022-10-05
272,John Khan,New York,2022-12-24
273,Reyansh Patel,Sydney,2023-10-24
274,Aarav Brown,Mumbai,2021-11-01
275,Muhammad Patel,New York,2024-03-19
276,Vivaan Johnson,Kolkata,2023-09-10
277,Emma Patel,London,2021-06-10
278,Amelia Taylor,Delhi,2021-10-03
279,Aarav Brown,Dubai,2024-03-24
280,Mia Khan,Chennai,2024-12-10
281,Liam Patel,New York,2024-08-10
282,Muhammad Smith,Kolkata,2023-08-10
283,Liam Patel,Sydney,2023-11-06
284,Aditya Sharma,Bangalore,2022-05-28
285,Noah Gupta,Bangalore,2021-08-19
286,Aditya Smith,Delhi,2021-07-23
287,Olivia Anderson,Kolkata,2025-01-03
288,Vivaan Gupta,Kolkata,2021-05-17
289,Noah Taylor,Sydney,2024-08-05
290,Vivaan Verma,Chennai,2024-08-10
291,Mia Singh,Sydney,2023-06-04
292,Aarav Taylor,New York,2023-09-24
293,Sophia Khan,Chennai,2022-02-15
294,Liam Johnson,Chennai,2023-05-22
295,Emma Anderson,New York,2024-01-21
296,Amelia Gupta,Dubai,2025-01-26
297,Vivaan Khan,London,2022-02-17
298,Aarav Brown,London,2023-11-20
299,Amelia Johnson,Mumbai,2023-04-07
300,Liam Brown,London,2021-03-24
301,Muhammad Johnson,Delhi,2022-01-24
302,Reyansh Anderson,Delhi,2024-01-13
303,Vivaan Khan,Sydney,2022-10-09
304,Isabella Brown,Sydney,2022-08-02
305,Olivia Smith,Sydney,2023-11-27
306,John Taylor,Kolkata,2023-07-16
307,Reyansh Singh,Sydney,2023-06-29
308,Liam Singh,Sydney,2021-11-30
309,Reyansh Anderson,Delhi,2023-05-19
310,Sophia Anderson,Delhi,2023-01-25
311,John Smith,Kolkata,2024-09-11
312,Amelia Anderson,Delhi,2021-07-05
313,Amelia Verma,Delhi,2023-02-25
314,Reyansh Johnson,Kolkata,2023-02-03
315,Noah Johnson,New York,2023-03-07
316,Emma Verma,Dubai,2022-12-28
317,Aditya Smith,Bangalore,2021-02-07
318,Aditya Khan,New York,2021-09-18
319,Liam Khan,London,2022-06-13
320,Olivia Khan,London,2024-11-16
321,Reyansh Smith,New York,2023-09-22
322,Arjun Johnson,London,2025-01-06
323,John Verma,Mumbai,2021-09-23
324,Arjun Singh,Chennai,2025-02-04
325,Aarav Verma,Kolkata,2021-11-15
326,Emma Verma,London,2024-08-23
327,Sophia Singh,Delhi,2021-07-02
328,John Taylor,Delhi,2024-01-31
329,Arjun Brown,London,2022-12-12
330,Aarav Anderson,Mumbai,2024-02-07
331,Noah Smith,Mumbai,2022-06-28
332,Noah Khan,Bangalore,2023-09-10
333,Isabella Sharma,Chennai,2024-10-18
334,Noah Verma,London,2021-09-11
335,Noah Johnson,Kolkata,2024-10-28
336,Olivia Johnson,London,2021-08-26
337,Liam Johnson,Mumbai,2021-11-02
338,John Taylor,Chennai,2021-12-09
339,Olivia Khan,London,2024-01-05
340,Reyansh Johnson,Sydney,2022-03-16
341,Isabella Taylor,New York,2023-09-23
342,Vivaan Sharma,New York,2024-12-22
343,Reyansh Sharma,Sydney,2024-07-04
344,Emma Khan,Mumbai,2022-04-14
345,Olivia Khan,Kolkata,2024-12-17
346,Arjun Smith,Bangalore,2021-09-24
347,Reyansh Gupta,London,2024-02-23
348,Noah Taylor,Delhi,2023-12-28
349,Mia Taylor,Sydney,2021-11-01
350,John Khan,Kolkata,2023-09-11
351,Sophia Khan,Kolkata,2023-10-04
352,Arjun Johnson,New York,2024-05-11
353,Emma Gupta,New York,2021-12-27
354,Liam Singh,Dubai,2024-01-01
355,Aditya Sharma,Sydney,2022-10-30
356,Olivia Singh,Chennai,2022-10-08
357,Liam Johnson,Dubai,2022-11-07
358,Vivaan Singh,Bangalore,2024-12-01
359,Reyansh Gupta,Mumbai,2024-07-25
360,Olivia Sharma,Bangalore,2024-11-03
361,Vivaan Gupta,Chennai,2023-10-28
362,Liam Anderson,Kolkata,2023-05-15
363,Muhammad Sharma,Delhi,2022-09-18
364,Mia Taylor,Chennai,2021-06-23
365,Sophia Gupta,Kolkata,2024-10-26
366,Noah Patel,Kolkata,2024-05-16
367,Sophia Brown,London,2021-02-17
368,Vivaan Patel,New York,2021-10-13
369,Vivaan Khan,Bangalore,2024-10-27
370,Liam Sharma,New York,2021-06-08
371,Vivaan Verma,Kolkata,2022-10-12
372,Arjun Khan,Sydney,2021-04-12
373,Muhammad Sharma,Mumbai,2021-10-12
374,Amelia Smith,New York,2025-01-14
375,Noah Gupta,Mumbai,2024-10-23
376,Muhammad Khan,Delhi,2023-11-22
377,Amelia Patel,Mumbai,2022-12-23
378,Amelia Anderson,Bangalore,2024-05-26
379,Amelia Khan,London,2021-07-06
380,Noah Taylor,Sydney,2023-09-01
381,Liam Smith,Sydney,2023-03-18
382,Reyansh Gupta,Kolkata,2024-01-30
383,Aditya Sharma,Sydney,2021-08-14
384,Aditya Gupta,Chennai,2023-06-10
385,Reyansh Brown,Delhi,2022-05-28
386,Olivia Khan,Sydney,2022-06-21
387,Emma Singh,London,2024-12-22
388,Vivaan Patel,Mumbai,2024-09-02
389,Olivia Patel,Sydney,2024-02-12
390,Mia Brown,Delhi,2024-06-21
391,Reyansh Johnson,Bangalore,2021-11-16
392,Vivaan Taylor,Bangalore,2024-10-17
393,Amelia Gupta,Dubai,2022-11-19
394,Muhammad Khan,Bangalore,2021-11-15
395,Mia Smith,Dubai,2023-04-11
396,Vivaan Taylor,Bangalore,2022-07-07
397,Reyansh Anderson,Delhi,2024-01-06
398,Aarav Anderson,Bangalore,2023-02-17
399,Sophia Brown,Mumbai,2023-07-31
400,Aarav Smith,London,2022-07-20
401,Amelia Patel,London,2023-04-12
402,Liam Johnson,Delhi,2021-07-23
403,Emma Sharma,Delhi,2021-03-28
404,Mia Verma,Bangalore,2023-12-23
405,Olivia Patel,Sydney,2022-07-09
406,Isabella Taylor,New York,2023-08-29
407,Mia Gupta,Chennai,2021-08-05
408,Olivia Patel,Bangalore,2021-08-27
409,Isabella Sharma,New York,2023-05-16
410,Amelia Patel,Kolkata,2024-09-08
411,Noah Sharma,London,2023-04-30
412,John Patel,Kolkata,2022-11-30
413,Emma Gupta,Sydney,2021-10-23
414,Aarav Patel,Mumbai,2023-11-17
415,Aditya Brown,Dubai,2022-11-30
416,Isabella Verma,Delhi,2023-09-11
417,Amelia Gupta,London,2024-07-17
418,Mia Singh,London,2025-01-07
419,Arjun Verma,Chennai,2022-11-19
420,Muhammad Anderson,Chennai,2024-10-18
421,Emma Johnson,New York,2023-10-06
422,Noah Anderson,Chennai,2023-06-04
423,Emma Smith,Sydney,2021-09-04
424,Liam Johnson,Kolkata,2021-09-14
425,Aditya Sharma,London,2023-04-30
426,Vivaan Sharma,Mumbai,2022-01-10
427,Emma Smith,Sydney,2022-08-14
428,Amelia Singh,Bangalore,2023-12-11
429,Mia Verma,Kolkata,2021-02-08
430,Emma Smith,Chennai,2024-01-07
431,Sophia Smith,Delhi,2024-01-20
432,Isabella Gupta,London,2021-11-22
433,Noah Singh,New York,2024-09-18
434,Arjun Verma,Sydney,2024-02-17
435,Aditya Singh,London,2024-04-13
436,Aarav Brown,Chennai,2023-05-26
437,Arjun Sharma,Sydney,2025-01-24
438,Arjun Brown,Sydney,2021-06-08
439,Arjun Smith,Dubai,2021-09-01
440,Liam Anderson,Delhi,2023-03-04
441,Vivaan Brown,Mumbai,2024-08-06
442,Mia Johnson,Delhi,2023-11-28
443,Arjun Sharma,Delhi,2022-10-01
444,Emma Khan,London,2021-12-08
445,Liam Singh,Sydney,2024-12-20
446,Mia Patel,Sydney,2024-07-27
447,Emma Brown,London,2024-02-09
448,Aditya Smith,London,2022-02-16
449,Emma Khan,New York,2021-11-07
450,Reyansh Taylor,Kolkata,2021-12-25
451,Isabella Taylor,Mumbai,2025-02-06
452,Muhammad Patel,Bangalore,2022-06-14
453,Reyansh Khan,New York,2023-02-26
454,Reyansh Taylor,Dubai,2021-01-28
455,Aditya Singh,Kolkata,2022-04-08
456,Arjun Verma,Sydney,2024-06-20
457,Arjun Brown,London,2025-01-06
458,Mia Gupta,Bangalore,2024-02-09
459,Emma Smith,Chennai,2021-06-19
460,Noah Verma,Bangalore,2024-09-28
461,Aarav Sharma,London,2023-02-23
462,John Anderson,Bangalore,2024-04-25
463,Liam Singh,Sydney,2024-01-24
464,Vivaan Gupta,London,2021-10-13
465,Reyansh Gupta,London,2023-01-01
466,Sophia Singh,Chennai,2022-09-02
467,Sophia Singh,New York,2023-10-05
468,Olivia Khan,Mumbai,2023-11-20
469,Mia Khan,Chennai,2024-12-15
470,Emma Sharma,Kolkata,2024-06-28
471,Liam Verma,New York,2023-06-28
472,Reyansh Taylor,Delhi,2021-04-17
473,Mia Patel,Bangalore,2021-09-29
474,Amelia Anderson,Mumbai,2021-08-19
475,Mia Smith,Chennai,2022-03-02
476,Olivia Brown,London,2021-09-06
477,Amelia Gupta,London,2024-09-15
478,Amelia Brown,Bangalore,2025-01-06
479,Liam Khan,Delhi,2025-01-09
480,Vivaan Gupta,London,2024-09-19
481,Emma Brown,Chennai,2022-07-03
482,Aarav Anderson,Bangalore,2024-10-07
483,Noah Brown,Sydney,2022-04-23
484,Mia Smith,Kolkata,2024-09-17
485,John Smith,Kolkata,2023-10-09
486,Vivaan Anderson,Bangalore,2022-01-18
487,Olivia Sharma,Dubai,2021-04-02
488,Emma Gupta,London,2025-02-04
489,Olivia Patel,Chennai,2021-07-12
490,Vivaan Anderson,Delhi,2023-05-16
491,Mia Johnson,Chennai,2021-12-21
492,Liam Brown,Chennai,2023-11-10
493,John Brown,New York,2022-02-08
494,Arjun Patel,Mumbai,2022-11-30
495,Amelia Sharma,Dubai,2021-04-01
496,Mia Taylor,Bangalore,2021-10-30
497,Mia Khan,Dubai,2021-03-30
498,Liam Brown,Mumbai,2024-03-04
499,John Verma,London,2023-11-15
500,Mia Taylor,Kolkata,2023-03-19
